file,rows,accuracy,precision_weighted,recall_weighted,f1_weighted,mean_confidence,min_confidence,max_confidence,true_classes,pred_classes
MSSQL.csv,5775786,0.0,0.0,0.0,0.0,0.7585423675092301,0.67,0.9,3,1
Syn.csv,4320541,0.0,0.0,0.0,0.0,0.7693788771668492,0.66,0.8866666666666667,2,1
UDP.csv,3782206,0.0,0.0,0.0,0.0,0.7691978861013917,0.68,0.91,3,1
NetBIOS.csv,3455899,0.0,0.0,0.0,0.0,0.7811498513122054,0.7,0.9,2,1
LDAP.csv,2113234,0.0,0.0,0.0,0.0,0.7354724102173889,0.66,0.89,3,1
UDPLag.csv,725165,0.0,0.0,0.0,0.0,0.7696082960429692,0.68,0.89,4,1
Portmap.csv,191694,0.0,0.0,0.0,0.0,0.7810518326082193,0.68,0.84,2,1
