,BENIGN,LDAP,MSSQL,NETBIOS,PORTMAP
BENIGN,1.0,0.0,0.0,0.0,0.0
LDAP,0.0,0.0,0.0,0.0,0.0
MSSQL,0.0,0.0,0.0,0.0,0.0
NETBIOS,0.0,0.0,0.0,0.0,0.0
PORTMAP,0.0,0.0,0.0,0.2678808301240907,0.7321191698759093
