{
  "accuracy": 0.9999692414710148,
  "precision": 0.9999692964062193,
  "recall": 0.9999692414710148,
  "f1": 0.9999692597484574
}