,BENIGN,LDAP,MSSQL,NETBIOS,PORTMAP,SYN,UDP,UDPLAG
BENIGN,0.9984025278679891,0.0012112700781181428,8.777319406653208e-05,0.0002984288598262091,0.0,0.0,0.0,0.0
LDAP,1.566479837838007e-05,0.9998308201775135,1.5664798378380071e-06,0.00014620478486488067,5.743759405406026e-06,0.0,0.0,0.0
MSSQL,2.3153535760895165e-05,0.0027839534938771857,0.9971839080161861,6.047565310681573e-06,2.9373888651881923e-06,0.0,0.0,0.0
NETBIOS,2.0505826799037703e-05,1.9412182703089026e-05,0.0,0.9998941899337169,6.589205678090781e-05,0.0,0.0,0.0
PORTMAP,0.0,0.0,0.0,0.2678808301240907,0.7321191698759093,0.0,0.0,0.0
SYN,3.802514566084023e-05,0.06031626290503935,0.9395508535214147,4.4975978738628235e-06,9.036083001124399e-05,0.0,0.0,0.0
UDP,3.620232444781758e-06,3.206491593949557e-05,0.9979000065939948,0.0020624981413985216,1.810116222390879e-06,0.0,0.0,0.0
UDPLAG,0.0005339028296849973,0.0795515216230646,0.9119060331019755,0.002135611318739989,0.0058729311265349705,0.0,0.0,0.0
