file,rows,accuracy,precision_weighted,recall_weighted,f1_weighted,mean_confidence,min_confidence,max_confidence,true_classes,pred_classes
NetBIOS.csv,3455899,0.9999091408632023,0.9999786684574972,0.9999091408632023,0.9999436949912018,0.9148812111983592,0.32314590384866004,0.9999672969182333,2,4
LDAP.csv,2113234,0.9997960471959092,0.9998075563521353,0.9997960471959092,0.9998017725279802,0.9898979902044159,0.255589329075748,0.9999485810597738,3,5
MSSQL.csv,5775786,0.9972116349186068,0.9989195652705939,0.9972116349186068,0.9978277339473892,0.849710755575077,0.2602862590974529,0.9999767939249674,3,5
Portmap.csv,191694,0.7387346500151283,1.0,0.7387346500151283,0.849164333188698,0.7464452370790796,0.4743701258996829,0.9999505281448364,2,3
Syn.csv,4320541,0.008277435626695823,0.008241742136025694,0.008277435626695823,0.008259550319354388,0.40104411477353963,0.24962950547536214,0.9999756018320719,2,5
UDP.csv,3782206,0.007225677289920221,0.0008650037437713169,0.007225677289920221,0.0009082118999677068,0.6046477099200597,0.2731064948798587,0.9999767541885376,3,5
UDPLag.csv,725165,0.005573903870153689,0.005601442920895555,0.005573903870153689,0.005587639463722328,0.4314419856869918,0.2640761611224582,0.9999754428863525,4,5
